Country,A/HRC/RES/49/1,A/HRC/RES/49/2,A/HRC/RES/49/3,A/HRC/RES/49/4,A/HRC/RES/49/6,A/HRC/RES/49/8,A/HRC/RES/49/15,A/HRC/RES/49/18,A/HRC/RES/49/19,A/HRC/RES/49/24,A/HRC/RES/49/26,A/HRC/RES/49/27,A/HRC/RES/49/28,A/HRC/RES/49/29,A/HRC/RES/49/30,A/HRC/RES/49/33,A/HRC/RES/S-34/1,A/HRC/RES/50/2,A/HRC/RES/50/4,A/HRC/RES/50/8,A/HRC/RES/50/10,A/HRC/RES/50/19,A/HRC/RES/50/20,A/HRC/RES/51/1,A/HRC/RES/51/7,A/HRC/RES/51/11,A/HRC/RES/51/13,A/HRC/RES/51/20,A/HRC/RES/51/25,A/HRC/RES/51/26,A/HRC/RES/51/27,A/HRC/RES/51/28,A/HRC/RES/51/29,A/HRC/RES/51/32,A/HRC/RES/S-35/1
ARE,1,0,0,1,1,1,1,0,1,0,0,0,1,1,1,0,1,0,1,1,0,0,0,0,1,1,1,1,0,0,0,0,0,1,0
ARG,1,1,1,1,1,1,1,1,1,1,1,1,1,1,1,0,1,1,1,1,1,1,1,1,1,1,1,1,1,1,1,1,0,1,1
ARM,0,1,0,1,0,1,0,1,1,0,0,0,1,1,1,3,0,1,0,1,0,0,0,1,0,0,1,1,0,0,1,1,0,1,0
BEN,1,0,0,1,1,1,1,1,1,0,1,1,1,1,1,0,1,0,1,1,0,1,1,0,1,1,1,1,0,1,0,0,0,1,1
BOL,0,0,0,1,1,1,1,1,1,0,0,0,1,1,1,0,0,0,1,1,1,0,0,0,1,1,1,0,0,0,0,0,0,1,0
BRA,1,0,1,0,0,1,0,1,1,0,1,0,1,0,0,0,1,1,0,1,1,0,1,0,0,0,0,1,0,0,1,1,1,1,0
CHN,0,0,0,1,1,1,1,0,1,0,0,0,1,1,1,0,0,0,1,1,0,0,0,0,1,1,1,0,0,0,0,0,0,1,0
CIV,1,0,0,1,1,1,1,1,1,0,0,1,1,1,1,0,1,0,1,1,0,1,0,0,1,1,1,1,0,1,0,0,0,1,0
CMR,0,0,0,0,0,1,1,1,1,0,0,3,0,0,0,0,0,0,1,1,0,0,0,0,1,1,1,0,0,0,0,0,0,1,0
CUB,0,0,0,1,1,1,1,1,1,0,0,0,1,1,1,0,0,0,1,1,1,0,0,0,1,1,1,0,0,0,0,0,0,1,0
CZE,4,4,4,4,4,4,4,4,4,4,4,4,4,4,4,4,1,1,0,0,1,1,1,1,0,0,0,1,1,1,1,1,1,0,1
DEU,1,1,1,1,0,0,0,1,0,1,1,1,1,1,0,1,1,1,0,0,1,1,1,1,0,0,0,1,1,1,1,1,1,0,1
ERI,0,0,0,1,1,1,1,0,1,0,0,0,1,1,1,0,0,0,1,1,0,0,0,0,1,1,1,0,0,0,0,0,0,1,0
FIN,1,1,1,1,0,0,0,1,0,1,1,1,1,1,0,1,1,1,0,0,1,1,1,1,0,0,0,1,1,1,1,1,1,0,1
FRA,1,1,1,1,0,0,0,1,0,1,1,1,1,1,0,1,1,1,0,0,1,1,1,1,0,0,0,1,1,1,1,1,1,0,1
GAB,0,0,0,1,1,1,1,1,1,0,0,1,1,1,1,0,1,0,1,1,0,1,0,0,1,1,1,0,0,1,0,0,0,1,1
GBR,1,1,1,0,0,0,0,1,0,1,1,1,0,0,0,1,1,1,0,0,1,1,1,1,0,0,0,1,1,1,1,1,1,0,1
GMB,1,0,1,1,0,1,1,1,1,0,1,0,1,1,1,1,1,0,1,1,0,1,1,0,1,1,1,1,0,1,0,1,1,1,1
HND,1,1,0,0,1,1,1,1,0,1,1,1,0,0,0,1,1,1,1,1,1,1,1,1,1,1,1,1,0,1,1,1,0,1,1
IDN,1,0,0,1,1,1,1,1,1,0,0,0,1,1,1,0,1,0,1,1,0,0,0,0,1,1,1,0,0,0,0,0,0,1,0
IND,0,0,0,0,1,1,1,1,1,0,0,0,1,1,1,0,0,0,1,1,0,0,0,0,1,1,1,1,0,0,0,0,0,1,0
JPN,1,1,1,1,0,0,0,1,0,1,1,1,1,1,0,1,1,1,0,0,1,1,1,0,0,0,0,1,1,1,1,1,1,0,1
KAZ,0,0,0,1,1,1,1,1,1,0,0,0,1,1,1,0,0,0,1,1,0,0,0,0,1,1,0,0,0,0,0,0,0,1,0
KOR,1,1,1,1,0,0,0,1,0,1,1,1,1,1,0,0,1,1,0,0,1,1,1,1,0,0,0,1,1,1,1,1,1,0,1
LBY,1,0,0,1,1,1,1,1,1,0,0,0,1,1,1,1,1,0,1,1,0,4,0,0,1,1,1,0,0,0,0,0,0,1,1
LTU,1,1,1,1,0,0,0,1,0,1,1,1,0,0,0,1,1,1,0,0,1,1,1,1,0,0,0,1,1,1,1,1,1,0,1
LUX,1,1,1,1,0,0,0,1,0,1,1,1,1,1,0,1,1,1,0,0,1,1,1,1,0,0,0,1,1,1,1,1,1,0,1
MEX,1,1,1,1,0,1,0,1,0,1,1,1,1,1,1,1,1,1,0,0,1,1,1,1,0,0,0,1,0,1,1,1,0,1,1
MHL,1,1,1,0,0,0,0,1,0,1,1,1,0,0,0,3,1,1,0,0,1,1,1,1,0,0,0,1,1,1,1,1,1,0,1
MNE,1,1,1,1,0,0,0,1,0,1,1,1,1,1,0,1,1,1,0,0,1,1,1,1,0,0,0,1,1,1,1,1,1,0,1
MRT,1,0,0,1,1,1,1,1,1,0,0,0,1,1,1,0,1,0,1,1,0,0,0,0,1,1,1,0,0,0,0,0,0,1,0
MWI,1,0,1,0,1,1,1,1,1,1,1,1,1,0,0,1,1,0,1,1,0,1,1,1,1,1,1,1,0,1,0,0,1,1,0
MYS,1,0,0,1,1,1,1,1,1,0,0,0,1,1,1,0,1,0,1,1,0,0,0,0,1,1,1,1,0,0,0,0,0,1,0
NAM,0,0,0,1,1,1,1,1,1,0,0,0,1,1,1,0,0,0,1,1,0,0,0,0,1,1,1,1,0,0,0,0,0,1,0
NLD,1,1,1,1,0,0,0,1,0,1,1,1,1,1,0,1,1,1,0,0,1,1,1,1,0,0,0,1,1,1,1,1,1,0,1
NPL,1,0,0,0,1,1,1,1,1,0,0,0,1,1,1,0,1,0,1,1,1,0,0,0,1,1,1,0,0,0,0,0,0,1,1
PAK,0,0,0,1,1,1,1,1,1,0,0,0,1,1,1,0,0,0,1,1,0,0,0,0,1,1,1,0,0,0,0,0,0,1,0
POL,1,1,1,1,0,0,0,1,0,1,1,1,1,1,0,1,1,1,0,0,0,1,1,1,0,0,0,1,1,1,1,1,1,0,1
PRY,1,1,1,1,0,1,0,1,1,1,1,1,1,1,1,1,1,1,1,1,1,1,1,1,1,1,1,1,1,1,1,1,1,1,1
QAT,1,0,0,1,1,1,1,0,1,0,0,1,1,1,1,0,1,0,1,1,0,1,0,0,1,1,1,0,0,1,0,0,0,1,0
RUS,0,0,0,1,1,1,1,0,1,0,0,0,1,1,1,0,4,4,4,4,4,4,4,4,4,4,4,4,4,4,4,4,4,4,4
SDN,0,0,0,1,1,1,1,0,1,0,0,0,1,1,1,0,0,0,1,1,0,0,0,0,1,1,1,0,0,0,0,0,0,1,0
SEN,1,0,0,1,1,1,1,1,1,0,0,0,1,1,1,0,0,0,1,1,0,0,0,0,1,1,1,0,0,0,0,0,0,1,0
SOM,1,0,0,1,1,1,1,1,1,0,0,0,1,1,1,1,1,0,1,1,0,0,0,0,1,1,0,0,0,0,0,0,0,1,1
UKR,1,1,1,0,0,0,0,1,0,1,1,1,1,0,0,1,1,1,0,0,1,1,1,1,0,0,0,1,1,1,1,1,1,0,1
USA,1,1,1,0,0,0,0,1,0,1,1,1,0,0,0,1,1,1,0,0,1,1,1,1,0,0,0,1,1,1,1,1,1,0,1
UZB,0,0,0,1,1,1,1,0,1,0,0,0,1,1,1,0,0,0,1,1,0,0,0,0,1,1,1,0,0,0,0,0,0,1,0
VEN,0,0,0,1,1,1,1,0,1,0,0,0,1,1,1,0,0,0,1,1,1,0,0,0,1,1,1,0,0,0,0,0,0,1,0
